-- phpMyAdmin SQL Dump
-- version 5.1.1
-- https://www.phpmyadmin.net/
--
-- Máy chủ: 127.0.0.1
-- Thời gian đã tạo: Th12 30, 2021 lúc 03:48 AM
-- Phiên bản máy phục vụ: 10.4.21-MariaDB
-- Phiên bản PHP: 8.0.10

SET SQL_MODE = "NO_AUTO_VALUE_ON_ZERO";
START TRANSACTION;
SET time_zone = "+00:00";


/*!40101 SET @OLD_CHARACTER_SET_CLIENT=@@CHARACTER_SET_CLIENT */;
/*!40101 SET @OLD_CHARACTER_SET_RESULTS=@@CHARACTER_SET_RESULTS */;
/*!40101 SET @OLD_COLLATION_CONNECTION=@@COLLATION_CONNECTION */;
/*!40101 SET NAMES utf8mb4 */;

--
-- Cơ sở dữ liệu: `quanlymuabanquaqr`
--

-- --------------------------------------------------------

--
-- Cấu trúc bảng cho bảng `admin`
--

CREATE TABLE `admin` (
  `IdAdmin` int(10) NOT NULL,
  `MaDangNhap` varchar(10) NOT NULL,
  `MatKhau` varchar(100) NOT NULL
) ENGINE=InnoDB DEFAULT CHARSET=utf8mb4;

--
-- Đang đổ dữ liệu cho bảng `admin`
--

INSERT INTO `admin` (`IdAdmin`, `MaDangNhap`, `MatKhau`) VALUES
(1, 'abc', '12345'),
(2, 'aaa', '123456'),
(3, 'bbb', '1234'),
(4, 'abcd', '1235'),
(5, 'abcde', '123456');

-- --------------------------------------------------------

--
-- Cấu trúc bảng cho bảng `chitiettiepxuc`
--

CREATE TABLE `chitiettiepxuc` (
  `IdChiTietTiepXuc` int(10) NOT NULL,
  `IdNguoiMua` int(10) NOT NULL,
  `IdNguoiBan` int(10) NOT NULL,
  `ThoiGian` datetime NOT NULL DEFAULT current_timestamp()
) ENGINE=InnoDB DEFAULT CHARSET=utf8mb4;

--
-- Đang đổ dữ liệu cho bảng `chitiettiepxuc`
--

INSERT INTO `chitiettiepxuc` (`IdChiTietTiepXuc`, `IdNguoiMua`, `IdNguoiBan`, `ThoiGian`) VALUES
(1, 2, 1, '2021-12-28 10:20:12'),
(2, 4, 5, '2021-12-28 14:37:57'),
(3, 6, 7, '2021-12-28 14:38:10');

-- --------------------------------------------------------

--
-- Cấu trúc bảng cho bảng `nguoidung`
--

CREATE TABLE `nguoidung` (
  `IdNguoiDung` int(10) NOT NULL,
  `HoTen` varchar(100) NOT NULL,
  `NgaySinh` date NOT NULL,
  `CMND` int(9) NOT NULL,
  `DiaChi` varchar(255) NOT NULL,
  `IdPhuongXa` int(10) NOT NULL,
  `Role` varchar(11) NOT NULL
) ENGINE=InnoDB DEFAULT CHARSET=utf8mb4;

--
-- Đang đổ dữ liệu cho bảng `nguoidung`
--

INSERT INTO `nguoidung` (`IdNguoiDung`, `HoTen`, `NgaySinh`, `CMND`, `DiaChi`, `IdPhuongXa`, `Role`) VALUES
(1, 'Phan Văn An', '2000-12-12', 123456789, 'Thôn Tùng Sơn', 3, 'Người Mua'),
(2, 'Nguyễn Thanh Bình', '2001-01-21', 123456788, 'Thôn 1', 5, 'Người Bán'),
(3, 'Lê Thành Công', '1995-12-30', 123456778, 'Thôn 3', 1, 'Người Bán'),
(4, 'Nguyễn Thị Hòa', '1999-01-01', 123456779, 'Thôn 6', 4, 'Người Mua'),
(5, 'Phạm Thị Hồng Hoa', '1997-11-01', 123456776, 'Thôn 2', 6, 'Người Bán'),
(6, 'Lương Hoàng Lam', '1990-12-02', 123456677, 'Hòa Bắc', 2, 'Người Mua'),
(7, 'Phạm Văn Minh', '1997-02-01', 123456679, 'Hòa nam', 1, 'Người Bán'),
(8, 'Nguyễn Thị Trúc Lam', '1999-09-03', 123456676, 'Nam Phường', 10, 'Người Mua'),
(9, 'Nguyễn Huỳnh Phương', '1989-02-03', 123456676, 'Nam Lĩnh', 20, 'Người Bán'),
(10, 'Huỳnh Thúc Long', '1999-12-30', 123456674, 'Hồng Phong', 8, 'Người Bán');

-- --------------------------------------------------------

--
-- Cấu trúc bảng cho bảng `phuongxa`
--

CREATE TABLE `phuongxa` (
  `IdPhuongXa` int(10) NOT NULL,
  `TenPhuongXa` varchar(100) NOT NULL,
  `IdQuanHuyen` int(10) NOT NULL,
  `IdTinhThanh` int(10) NOT NULL
) ENGINE=InnoDB DEFAULT CHARSET=utf8mb4;

--
-- Đang đổ dữ liệu cho bảng `phuongxa`
--

INSERT INTO `phuongxa` (`IdPhuongXa`, `TenPhuongXa`, `IdQuanHuyen`, `IdTinhThanh`) VALUES
(1, 'An Phú Tây', 1, 1),
(2, 'Bình Chánh', 1, 1),
(3, 'Bình Hưng', 1, 1),
(4, 'Bình Lợi', 1, 1),
(5, 'Đa Phước', 1, 1),
(6, 'Hưng Long', 1, 1),
(7, 'Lê Minh Xuân', 1, 1),
(8, 'Phạm Văn Hai', 1, 1),
(9, 'Phong Phú', 1, 1),
(10, 'Quy Đức', 1, 1),
(11, 'Tân Kiên', 1, 1),
(12, 'Tân Nhựt', 1, 1),
(13, 'Tân Quý Tây', 1, 1),
(14, 'Tân Túc', 1, 1),
(15, 'Vĩnh Lộc A', 1, 1),
(16, 'Vĩnh Lộc B', 1, 1),
(17, 'An Lạc', 2, 1),
(18, 'An Lạc A', 2, 1),
(19, 'Bình Hưng Hòa', 2, 1),
(20, 'Bình Hưng Hòa A', 2, 1),
(21, 'Bình Hưng Hòa B', 2, 1),
(22, 'Bình Trị Đông', 2, 1),
(23, 'Bình Trị Đông A', 2, 1),
(24, 'Bình Trị Đông B', 2, 1),
(25, 'Tân Tạo', 2, 1),
(26, 'Tân Tạo A', 2, 1),
(27, '1', 3, 1),
(28, '11', 3, 1),
(29, '12', 3, 1),
(30, '13', 3, 1),
(31, '14', 3, 1),
(32, '15', 3, 1),
(33, '17', 3, 1),
(34, '19', 3, 1),
(35, '2', 3, 1),
(36, '21', 3, 1),
(37, '22', 3, 1),
(38, '24', 3, 1),
(39, '25', 3, 1),
(40, '26', 3, 1),
(41, '27', 3, 1),
(42, '28', 3, 1),
(43, '3', 3, 1),
(44, '5', 3, 1),
(45, '6', 3, 1),
(46, '7', 3, 1),
(47, 'An Thới Đông', 4, 1),
(48, 'Bình Khánh', 4, 1),
(49, 'Cần Thạnh ', 4, 1),
(50, 'Long Hòa', 4, 1),
(51, 'Lý Nhơn', 4, 1),
(52, 'Tam Thôn Hiệp', 4, 1),
(53, 'Thạnh An', 4, 1),
(54, 'An Nhơn Tây', 5, 1),
(55, 'An Phú', 5, 1),
(56, 'An Phú Trung', 5, 1),
(57, 'Bình Mỹ', 5, 1),
(58, 'Củ Chi', 5, 1),
(59, 'Hòa Phú', 5, 1),
(60, 'Nhuận Đức', 5, 1),
(61, 'Phạm Văn Cội', 5, 1),
(62, 'Phú Hòa Đông', 5, 1),
(63, 'Phú Mỹ Hưng', 5, 1),
(64, 'Phước Hiệp', 5, 1),
(65, 'Phước Thạnh', 5, 1),
(66, 'Phước Vĩnh An', 5, 1),
(67, 'Tân An Hội', 5, 1),
(68, 'Tân Phú Trung', 5, 1),
(69, 'Tân Thạnh Đông', 5, 1),
(70, 'Tân Thạnh Tây', 5, 1),
(71, 'Tân Thông Hội', 5, 1),
(72, 'Thái Mỹ', 5, 1),
(73, 'Trung An', 5, 1),
(74, 'Trung Lập Hạ', 5, 1),
(75, 'Trung Lập Hạ', 5, 1),
(76, 'Trung Lập Thượng', 5, 1),
(77, '1', 6, 1),
(78, '10', 6, 1),
(79, '11', 6, 1),
(80, '12', 6, 1),
(81, '13', 6, 1),
(82, '14', 6, 1),
(83, '15', 6, 1),
(84, '16', 6, 1),
(85, '17', 6, 1),
(86, '3', 6, 1),
(87, '4', 6, 1),
(88, '5', 6, 1),
(89, '6', 6, 1),
(90, '7', 6, 1),
(91, '8', 6, 1),
(92, '9', 6, 1),
(93, ' Đông Thạnh', 7, 1),
(94, ' Hóc Môn', 7, 1),
(95, 'Bà Điểm', 7, 1),
(96, 'Nhị Bình', 7, 1),
(97, 'Tân Hiệp', 7, 1),
(98, 'Tân Thới Nhì', 7, 1),
(99, 'Tân Xuân', 7, 1),
(100, 'Thới Tam Thôn', 7, 1),
(101, 'Trung Chánh', 7, 1),
(102, 'Xuân Thới Đông', 7, 1),
(103, 'Xuân Thới Sơn', 7, 1),
(104, 'Xuân Thới Thượng', 7, 1),
(105, 'Hiệp Phước', 8, 1),
(106, 'Long Thới', 8, 1),
(107, 'Nhà Bè', 8, 1),
(108, 'Nhơn Đức', 8, 1),
(109, 'Phú Xuân', 8, 1),
(110, 'Phước Kiển', 8, 1),
(111, 'Phước Lộc', 8, 1),
(112, '1', 9, 1),
(113, '10', 9, 1),
(114, '11', 9, 1),
(115, '12', 9, 1),
(116, '13', 9, 1),
(117, '14', 9, 1),
(118, '15', 9, 1),
(119, '17', 9, 1),
(120, '2', 9, 1),
(121, '25', 9, 1),
(122, '3', 9, 1),
(123, '4', 9, 1),
(124, '5', 9, 1),
(125, '6', 9, 1),
(126, '7', 9, 1),
(127, '8', 9, 1),
(128, '9', 9, 1),
(129, 'Bến Nghé', 10, 1),
(130, 'Bến Thành', 10, 1),
(131, 'Cầu Kho', 10, 1),
(132, 'Cầu Ông Lãnh', 10, 1),
(133, 'Cô Giang', 10, 1),
(134, 'Đa Kao', 10, 1),
(135, 'Nguyễn Cư Trinh', 10, 1),
(136, 'Nguyễn Thái Bình', 10, 1),
(137, 'Phạm Ngũ Lão', 10, 1),
(138, 'Tân Định', 10, 1),
(139, '1', 11, 1),
(140, '10', 11, 1),
(141, '11', 11, 1),
(142, '12', 11, 1),
(143, '13', 11, 1),
(144, '14', 11, 1),
(145, '15', 11, 1),
(146, '2', 11, 1),
(147, '3', 11, 1),
(148, '4', 11, 1),
(149, '5', 11, 1),
(150, '6', 11, 1),
(151, '7', 11, 1),
(152, '8', 11, 1),
(153, '9', 11, 1),
(154, '1', 12, 1),
(155, '10', 12, 1),
(156, '11', 12, 1),
(157, '12', 12, 1),
(158, '13', 12, 1),
(159, '14', 12, 1),
(160, '15', 12, 1),
(161, '16', 12, 1),
(162, '2', 12, 1),
(163, '3', 12, 1),
(164, '4', 12, 1),
(165, '5', 12, 1),
(166, '6', 12, 1),
(167, '7', 12, 1),
(168, '8', 12, 1),
(169, '9', 12, 1),
(170, 'An Phú Đông', 13, 1),
(171, 'Đông Hưng Thuận', 13, 1),
(172, 'Hiệp Thành', 13, 1),
(173, 'Tân Chánh Hiệp', 13, 1),
(174, 'Tân Hưng Thuận', 13, 1),
(175, 'Tân Thới Hiệp', 13, 1),
(176, 'Tân Thới Nhất', 13, 1),
(177, 'Thạnh Lộc', 13, 1),
(178, 'Thạnh Xuân', 13, 1),
(179, 'Thới An', 13, 1),
(180, 'Trung Mỹ Tây', 13, 1),
(181, ' Thạnh Mỹ Lợi', 14, 1),
(182, 'An Khánh', 14, 1),
(183, 'An Lợi Đông', 14, 1),
(184, 'An Phú', 14, 1),
(185, 'Bình An', 14, 1),
(186, 'Bình Khánh', 14, 1),
(187, 'Bình Trưng Đông', 14, 1),
(188, 'Bình Trưng Tây', 14, 1),
(189, 'Cát Lái', 14, 1),
(190, 'Thảo Điền', 14, 1),
(191, 'Thủ Thiêm', 14, 1),
(192, '1', 15, 1),
(193, '10', 15, 1),
(194, '11', 15, 1),
(195, '12', 15, 1),
(196, '13', 15, 1),
(197, '14', 15, 1),
(198, '2', 15, 1),
(199, '3', 15, 1),
(200, '4', 15, 1),
(201, '5', 15, 1),
(202, '6', 15, 1),
(203, '7', 15, 1),
(204, '8', 15, 1),
(205, '9', 15, 1),
(206, '1', 16, 1),
(207, '10', 16, 1),
(208, '12', 16, 1),
(209, '13', 16, 1),
(210, '14', 16, 1),
(211, '15', 16, 1),
(212, '16', 16, 1),
(213, '18', 16, 1),
(214, '2', 16, 1),
(215, '3', 16, 1),
(216, '4', 16, 1),
(217, '5', 16, 1),
(218, '6', 16, 1),
(219, '8', 16, 1),
(220, '9', 16, 1),
(221, '1', 17, 1),
(222, '10', 17, 1),
(223, '11', 17, 1),
(224, '12', 17, 1),
(225, '13', 17, 1),
(226, '14', 17, 1),
(227, '15', 17, 1),
(228, '2', 17, 1),
(229, '3', 17, 1),
(230, '4', 17, 1),
(231, '5', 17, 1),
(232, '6', 17, 1),
(233, '7', 17, 1),
(234, '8', 17, 1),
(235, '9', 17, 1),
(236, '1', 18, 1),
(237, '10', 18, 1),
(238, '11', 18, 1),
(239, '12', 18, 1),
(240, '13', 18, 1),
(241, '14', 18, 1),
(242, '2', 18, 1),
(243, '3', 18, 1),
(244, '4', 18, 1),
(245, '5', 18, 1),
(246, '6', 18, 1),
(247, '7', 18, 1),
(248, '8', 18, 1),
(249, '9', 18, 1),
(250, 'Bình Thuận', 19, 1),
(251, 'Phú Mỹ', 19, 1),
(252, 'Phú Thuận', 19, 1),
(253, 'Tân Hưng', 19, 1),
(254, 'Tân Kiểng', 19, 1),
(255, 'Tân Phong', 19, 1),
(256, 'Tân Phú', 19, 1),
(257, 'Tân Quy', 19, 1),
(258, 'Tân Thuận Đông', 19, 1),
(259, 'Tân Thuận Tây', 19, 1),
(260, '1', 20, 1),
(261, '10', 20, 1),
(262, '11', 20, 1),
(263, '12', 20, 1),
(264, '13', 20, 1),
(265, '14', 20, 1),
(266, '15', 20, 1),
(267, '16', 20, 1),
(268, '2', 20, 1),
(269, '3', 20, 1),
(270, '4', 20, 1),
(271, '5', 20, 1),
(272, '6', 20, 1),
(273, '7', 20, 1),
(274, '8', 20, 1),
(275, '9', 20, 1),
(276, 'Hiệp Phú', 21, 1),
(277, 'Long Bình', 21, 1),
(278, 'Long Phước', 21, 1),
(279, 'Long Thạnh Mỹ', 21, 1),
(280, 'Long Trường', 21, 1),
(281, 'Phú Hữu', 21, 1),
(282, 'Phước Bình', 21, 1),
(283, 'Phước Long A', 21, 1),
(284, 'Phước Long B', 21, 1),
(285, 'Tân Phú', 21, 1),
(286, 'Tăng Nhơn Phú A', 21, 1),
(287, 'Tăng Nhơn Phú B', 21, 1),
(288, 'Trường Thạnh', 21, 1),
(289, '1', 22, 1),
(290, '10', 22, 1),
(291, '11', 22, 1),
(292, '12', 22, 1),
(293, '13', 22, 1),
(294, '14', 22, 1),
(295, '15', 22, 1),
(296, '2', 22, 1),
(297, '3', 22, 1),
(298, '4', 22, 1),
(299, '5', 22, 1),
(300, '6', 22, 1),
(301, '7', 22, 1),
(302, '8', 22, 1),
(303, '9', 22, 1),
(304, 'Hiệp Tân', 23, 1),
(305, 'Hòa Thạnh', 23, 1),
(306, 'Phú Thạnh', 23, 1),
(307, 'Phú Thọ Hòa', 23, 1),
(308, 'Phú Trung', 23, 1),
(309, 'Sơn Kỳ', 23, 1),
(310, 'Tân Quý', 23, 1),
(311, 'Tân Sơn Nhì', 23, 1),
(312, 'Tân Thành', 23, 1),
(313, 'Tân Thới Hòa', 23, 1),
(314, 'Tây Thạnh', 23, 1),
(315, 'Bình Chiểu', 24, 1),
(316, 'Bình Thọ', 24, 1),
(317, 'Hiệp Bình Chánh', 24, 1),
(318, 'Hiệp Bình Phước', 24, 1),
(319, 'Linh Chiểu', 24, 1),
(320, 'Linh Đông', 24, 1),
(321, 'Linh Tây', 24, 1),
(322, 'Linh Trung', 24, 1),
(323, 'Linh Xuân', 24, 1),
(324, 'Tam Bình', 24, 1),
(325, 'Tam Phú', 24, 1),
(326, 'Trường Thọ', 24, 1),
(327, 'Cống Vị', 25, 2),
(328, 'Điện Biên', 25, 2),
(329, 'Đội Cấn', 25, 2),
(330, 'Giảng Võ', 25, 2),
(331, 'Kim Mã', 25, 2),
(332, 'Liễu Giai', 25, 2),
(333, 'Ngọc Hà', 25, 2),
(334, 'Ngọc Khánh', 25, 2),
(335, 'Nguyễn Trung Trực', 25, 2),
(336, 'Phúc Xá', 25, 2),
(337, 'Quán Thánh', 25, 2),
(338, 'Thành Công', 25, 2),
(339, 'Trúc Bạch', 25, 2),
(340, 'Vĩnh Phúc', 25, 2),
(341, 'Ba Trại', 26, 2),
(342, 'Ba Vì', 26, 2),
(343, 'Cẩm Lĩnh', 26, 2),
(344, 'Cam Thượng', 26, 2),
(345, 'Châu Sơn', 26, 2),
(346, 'Chu Minh', 26, 2),
(347, 'Cổ Đô', 26, 2),
(348, 'Đông Quang', 26, 2),
(349, 'Đồng Thái', 26, 2),
(350, 'Khánh Thượng', 26, 2),
(351, 'Minh Châu', 26, 2),
(352, 'Minh Quang', 26, 2),
(353, 'Phong Vân', 26, 2),
(354, 'Phú Châu', 26, 2),
(355, 'Phú Cường', 26, 2),
(356, 'Phú Đông', 26, 2),
(357, 'Phú Phương', 26, 2),
(358, 'Phú Sơn', 26, 2),
(359, 'Sơn Đà', 26, 2),
(360, 'Tản Hồng', 26, 2),
(361, 'Tản Lĩnh', 26, 2),
(362, 'Tây Đằng', 26, 2),
(363, 'Thái Hòa', 26, 2),
(364, 'Thuần Mỹ', 26, 2),
(365, 'Thụy An', 26, 2),
(366, 'Tiên Phong', 26, 2),
(367, 'Tòng Bạt', 26, 2),
(368, 'Vân Hòa', 26, 2),
(369, 'Vạn Thắng', 26, 2),
(370, 'Vật Lại', 26, 2),
(371, 'Yên Bài', 26, 2),
(372, 'Cổ Nhuế 1', 27, 2),
(373, 'Cổ Nhuế 2', 27, 2),
(374, 'Đông Ngạc', 27, 2),
(375, 'Đức Thắng', 27, 2),
(376, 'Liên Mạc', 27, 2),
(377, 'Minh Khai', 27, 2),
(378, 'Phú Diễn', 27, 2),
(379, 'Phúc Diễn', 27, 2),
(380, 'Tây Tựu', 27, 2),
(381, 'Thượng Cát', 27, 2),
(382, 'Thụy Phương', 27, 2),
(383, 'Xuân Đỉnh', 27, 2),
(384, 'Xuân Tảo', 27, 2),
(385, 'Dịch Vọng', 28, 2),
(386, 'Dịch Vọng Hậu', 28, 2),
(387, 'Mai Dịch', 28, 2),
(388, 'Nghĩa Đô', 28, 2),
(389, 'Nghĩa Tân', 28, 2),
(390, 'Quan Hoa', 28, 2),
(391, 'Trung Hòa', 28, 2),
(392, 'Yên Hòa', 28, 2),
(393, 'Chúc Sơn', 29, 2),
(394, 'Đại Yên', 29, 2),
(395, 'Đồng Lạc', 29, 2),
(396, 'Đồng Phú', 29, 2),
(397, 'Đông Phương Yên', 29, 2),
(398, 'Đông Sơn', 29, 2),
(399, 'Hoà Chính', 29, 2),
(400, 'Hoàng Diệu', 29, 2),
(401, 'Hoàng Văn Thụ', 29, 2),
(402, 'Hồng Phong', 29, 2),
(403, 'Hợp Đồng', 29, 2),
(404, 'Hữu Văn', 29, 2),
(405, 'Lam Điền', 29, 2),
(406, 'Mỹ Lương', 29, 2),
(407, 'Nam Phương Tiến', 29, 2),
(408, 'Ngọc Hòa', 29, 2),
(409, 'Phú Nam An', 29, 2),
(410, 'Phú Nghĩa', 29, 2),
(411, 'Phụng Châu', 29, 2),
(412, 'Quảng Bị', 29, 2),
(413, 'Tân Tiến', 29, 2),
(414, 'Thanh Bình', 29, 2),
(415, 'Thượng Vực', 29, 2),
(416, 'Thụy Hương', 29, 2),
(417, 'Thuỷ Xuân Tiên', 29, 2),
(418, 'Tiên Phương', 29, 2),
(419, 'Tốt Động', 29, 2),
(420, 'Trần Phú', 29, 2),
(421, 'Trung Hòa', 29, 2),
(422, 'Trường Yên', 29, 2),
(423, 'Văn Võ', 29, 2),
(424, 'Xuân Mai', 29, 2),
(425, 'Đan Phượng', 30, 2),
(426, 'Đồng Tháp', 30, 2),
(427, 'Hạ Mỗ', 30, 2),
(428, 'Hồng Hà', 30, 2),
(429, 'Liên Hà', 30, 2),
(430, 'Liên Hồng', 30, 2),
(431, 'Liên Trung', 30, 2),
(432, 'Phùng', 30, 2),
(433, 'Phương Đình', 30, 2),
(434, 'Song Phượng', 30, 2),
(435, 'Tân Hội', 30, 2),
(436, 'Tân Lập', 30, 2),
(437, 'Thọ An', 30, 2),
(438, 'Thọ Xuân', 30, 2),
(439, 'Thượng Mỗ', 30, 2),
(440, 'Trung Châu', 30, 2),
(441, 'Bắc Hồng', 31, 2),
(442, 'Cổ Loa', 31, 2),
(443, 'Đại Mạch', 31, 2),
(444, 'Đông Anh', 31, 2),
(445, 'Đông Hội', 31, 2),
(446, 'Dục Tú', 31, 2),
(447, 'Hải Bối', 31, 2),
(448, 'Kim Chung', 31, 2),
(449, 'Kim Nỗ', 31, 2),
(450, 'Liên Hà', 31, 2),
(451, 'Mai Lâm', 31, 2),
(452, 'Nam Hồng', 31, 2),
(453, 'Nguyên Khê', 31, 2),
(454, 'Tàm Xá', 31, 2),
(455, 'Tầm Xá', 31, 2),
(456, 'Thụy Lâm', 31, 2),
(457, 'Tiên Dương', 31, 2),
(458, 'Uy Nỗ', 31, 2),
(459, 'Vân Hà', 31, 2),
(460, 'Vân Nội', 31, 2),
(461, 'Việt Hùng', 31, 2),
(462, 'Vĩnh Ngọc', 31, 2),
(463, 'Võng La', 31, 2),
(464, 'Xuân Canh', 31, 2),
(465, 'Xuân Nộn', 31, 2),
(466, 'Cát Linh', 32, 2),
(467, 'Hàng Bột', 32, 2),
(468, 'Khâm Thiên', 32, 2),
(469, 'Khương Thượng', 32, 2),
(470, 'Kim Liên', 32, 2),
(471, 'Láng Hạ', 32, 2),
(472, 'Láng Thượng', 32, 2),
(473, 'Nam Đồng', 32, 2),
(474, 'Ngã Tư Sở', 32, 2),
(475, 'Ô Chợ Dừa', 32, 2),
(476, 'Phương Liên', 32, 2),
(477, 'Phương Mai', 32, 2),
(478, 'Quang Trung', 32, 2),
(479, 'Quốc Tử Giám', 32, 2),
(480, 'Thịnh Quang', 32, 2),
(481, 'Thổ Quan', 32, 2),
(482, 'Trung Liệt', 32, 2),
(483, 'Trung Phụng', 32, 2),
(484, 'Trung Tự', 32, 2),
(485, 'Văn Chương', 32, 2),
(486, 'Văn Miếu', 32, 2),
(487, 'Bát Tràng', 33, 2),
(488, 'Cổ Bi', 33, 2),
(489, 'Đa Tốn', 33, 2),
(490, 'Đặng Xá', 33, 2),
(491, 'Đình Xuyên', 33, 2),
(492, 'Đông Dư', 33, 2),
(493, 'Dương Hà', 33, 2),
(494, 'Dương Quang', 33, 2),
(495, 'Dương Xá', 33, 2),
(496, 'Kiêu Kỵ', 33, 2),
(497, 'Kim Lan', 33, 2),
(498, 'Kim Sơn', 33, 2),
(499, 'Lệ Chi', 33, 2),
(500, 'Ninh Hiệp', 33, 2),
(501, 'Phù Đổng', 33, 2),
(502, 'Phú Thị', 33, 2),
(503, 'Trâu Quỳ', 33, 2),
(504, 'Trung Mầu', 33, 2),
(505, 'Văn Đức', 33, 2),
(506, 'Yên Thường', 33, 2),
(507, 'Yên Viên', 33, 2),
(508, 'Yên Viên', 33, 2),
(509, 'Biên Giang', 34, 2),
(510, 'Đồng Mai', 34, 2),
(511, 'Dương Nội', 34, 2),
(512, 'Hà Cầu', 34, 2),
(513, 'Kiến Hưng', 34, 2),
(514, 'La Khê', 34, 2),
(515, 'Mỗ Lao', 34, 2),
(516, 'Nguyễn Trãi', 34, 2),
(517, 'Phú La', 34, 2),
(518, 'Phú Lãm', 34, 2),
(519, 'Phú Lương', 34, 2),
(520, 'Phúc La', 34, 2),
(521, 'Quang Trung', 34, 2),
(522, 'Vạn Phúc', 34, 2),
(523, 'Văn Quán', 34, 2),
(524, 'Yên Nghĩa', 34, 2),
(525, 'Yết Kiêu', 34, 2),
(526, 'Bạch Đằng', 35, 2),
(527, 'Bách Khoa', 35, 2),
(528, 'Bạch Mai', 35, 2),
(529, 'Bùi Thị Xuân', 35, 2),
(530, 'Cầu Dền', 35, 2),
(531, 'Đống Mác', 35, 2),
(532, 'Đồng Nhân', 35, 2),
(533, 'Đồng Tâm', 35, 2),
(534, 'Lê Đại Hành', 35, 2),
(535, 'Minh Khai', 35, 2),
(536, 'Ngô Thì Nhậm', 35, 2),
(537, 'Nguyễn Du', 35, 2),
(538, 'Phạm Đình Hổ', 35, 2),
(539, 'Phố Huế', 35, 2),
(540, 'Quỳnh Lôi', 35, 2),
(541, 'Quỳnh Mai', 35, 2),
(542, 'Thanh Lương', 35, 2),
(543, 'Thanh Nhàn', 35, 2),
(544, 'Trương Định', 35, 2),
(545, 'Vĩnh Tuy', 35, 2),
(546, 'An Khánh', 36, 2),
(547, 'An Thượng', 36, 2),
(548, 'Cát Quế', 36, 2),
(549, 'Đắc Sở', 36, 2),
(550, 'Di Trạch', 36, 2),
(551, 'Đông La', 36, 2),
(552, 'Đức Giang', 36, 2),
(553, 'Đức Thượng', 36, 2),
(554, 'Dương Liễu', 36, 2),
(555, 'Kim Chung', 36, 2),
(556, 'La Phù', 36, 2),
(557, 'Lại Yên', 36, 2),
(558, 'Minh Khai', 36, 2),
(559, 'Sơn Đồng', 36, 2),
(560, 'Song Phương', 36, 2),
(561, 'Tiền Yên', 36, 2),
(562, 'Trạm Trôi', 36, 2),
(563, 'Vân Canh', 36, 2),
(564, 'Vân Côn', 36, 2),
(565, 'Yên Sở', 36, 2),
(566, 'Chương Dương Độ', 37, 2),
(567, 'Cửa Đông', 37, 2),
(568, 'Cửa Nam', 37, 2),
(569, 'Đồng Xuân', 37, 2),
(570, 'Hàng Bạc', 37, 2),
(571, 'Hàng Bài', 37, 2),
(572, 'Hàng Bồ', 37, 2),
(573, 'Hàng Bông', 37, 2),
(574, 'Hàng Buồm', 37, 2),
(575, 'Hàng Đào', 37, 2),
(576, 'Hàng Gai', 37, 2),
(577, 'Hàng Mã', 37, 2),
(578, 'Hàng Trống', 37, 2),
(579, 'Lý Thái Tổ', 37, 2),
(580, 'Phan Chu Trinh', 37, 2),
(581, 'Phúc Tân', 37, 2),
(582, 'Trần Hưng Đạo', 37, 2),
(583, 'Tràng Tiền', 37, 2),
(584, 'Đại Kim', 38, 2),
(585, 'Định Công', 38, 2),
(586, 'Giáp Bát', 38, 2),
(587, 'Hoàng Liệt', 38, 2),
(588, 'Hoàng Văn Thụ', 38, 2),
(589, 'Lĩnh Nam', 38, 2),
(590, 'Mai Động', 38, 2),
(591, 'Tân Mai', 38, 2),
(592, 'Thanh Trì', 38, 2),
(593, 'Thịnh Liệt', 38, 2),
(594, 'Trần Phú', 38, 2),
(595, 'Tương Mai', 38, 2),
(596, 'Vĩnh Hưng', 38, 2),
(597, 'Yên Sở', 38, 2),
(598, 'Bồ Đề', 39, 2),
(599, 'Cự Khối', 39, 2),
(600, 'Đức Giang', 39, 2),
(601, 'Gia Thụy', 39, 2),
(602, 'Giang Biên', 39, 2),
(603, 'Long Biên', 39, 2),
(604, 'Ngọc Lâm', 39, 2),
(605, 'Ngọc Thụy', 39, 2),
(606, 'Phúc Đồng', 39, 2),
(607, 'Phúc Lợi', 39, 2),
(608, 'Sài Đồng', 39, 2),
(609, 'Thạch Bàn', 39, 2),
(610, 'Thượng Thanh', 39, 2),
(611, 'Việt Hưng', 39, 2),
(612, 'Chi Đông', 40, 2),
(613, 'Chu Phan', 40, 2),
(614, 'Đại Thịnh', 40, 2),
(615, 'Hoàng Kim', 40, 2),
(616, 'Kim Hoa', 40, 2),
(617, 'Liên Mạc', 40, 2),
(618, 'Mê Linh', 40, 2),
(619, 'Quang Minh', 40, 2),
(620, 'Tam Đồng', 40, 2),
(621, 'Thạch Đà', 40, 2),
(622, 'Thanh Lâm', 40, 2),
(623, 'Tiền Phong', 40, 2),
(624, 'Tiến Thắng', 40, 2),
(625, 'Tiến Thịnh', 40, 2),
(626, 'Tráng Việt', 40, 2),
(627, 'Tự Lập', 40, 2),
(628, 'Văn Khê', 40, 2),
(629, 'Vạn Yên', 40, 2),
(630, 'An Mỹ', 41, 2),
(631, 'An Phú', 41, 2),
(632, 'An Tiến', 41, 2),
(633, 'Bột Xuyên', 41, 2),
(634, 'Đại Hưng', 41, 2),
(635, 'Đại Nghĩa', 41, 2),
(636, 'Đốc Tín', 41, 2),
(637, 'Đồng Tâm', 41, 2),
(638, 'Hồng Sơn', 41, 2),
(639, 'Hợp Thanh', 41, 2),
(640, 'Hợp Tiến', 41, 2),
(641, 'Hùng Tiến', 41, 2),
(642, 'Hương Sơn', 41, 2),
(643, 'Lê Thanh', 41, 2),
(644, 'Mỹ Thành', 41, 2),
(645, 'Phù Lưu Tế', 41, 2),
(646, 'Phúc Lâm', 41, 2),
(647, 'Phùng Xá', 41, 2),
(648, 'Thượng Lâm', 41, 2),
(649, 'Tuy Lai', 41, 2),
(650, 'Vạn Kim', 41, 2),
(651, 'Xuy Xá', 41, 2),
(652, 'Cầu Diễn', 42, 2),
(653, 'Đại Mỗ', 42, 2),
(654, 'Mễ Trì', 42, 2),
(655, 'Mỹ Đình 1', 42, 2),
(656, 'Mỹ Đình 2', 42, 2),
(657, 'Phú Đô', 42, 2),
(658, 'Phương Canh', 42, 2),
(659, 'Tây Mỗ', 42, 2),
(660, 'Trung Văn', 42, 2),
(661, 'Xuân Phương', 42, 2),
(662, 'Bạch Hạ', 43, 2),
(663, 'Châu Can', 43, 2),
(664, 'Chuyên Mỹ', 43, 2),
(665, 'Đại Thắng', 43, 2),
(666, 'Đại Xuyên', 43, 2),
(667, 'Hoàng Long', 43, 2),
(668, 'Hồng Minh', 43, 2),
(669, 'Hồng Thái', 43, 2),
(670, 'Khai Thái', 43, 2),
(671, 'Minh Tân', 43, 2),
(672, 'Nam Phong', 43, 2),
(673, 'Nam Triều', 43, 2),
(674, 'Phú Minh', 43, 2),
(675, 'Phú Túc', 43, 2),
(676, 'Phú Xuyên', 43, 2),
(677, 'Phú Yên', 43, 2),
(678, 'Phúc Tiến', 43, 2),
(679, 'Phượng Dực', 43, 2),
(680, 'Quang Lãng', 43, 2),
(681, 'Quang Trung', 43, 2),
(682, 'Sơn Hà', 43, 2),
(683, 'Tân Dân', 43, 2),
(684, 'Thụy Phú', 43, 2),
(685, 'Tri Thủy', 43, 2),
(686, 'Tri Trung', 43, 2),
(687, 'Văn Hoàng', 43, 2),
(688, 'Văn Nhân', 43, 2),
(689, 'Vân Từ', 43, 2),
(690, 'Cẩm Đình', 44, 2),
(691, 'Gạch', 44, 2),
(692, 'Hát Môn', 44, 2),
(693, 'Hiệp Thuận', 44, 2),
(694, 'Liên Hiệp', 44, 2),
(695, 'Long Xuyên', 44, 2),
(696, 'Ngọc Tảo', 44, 2),
(697, 'Phúc Hòa', 44, 2),
(698, 'Phúc Thọ', 44, 2),
(699, 'Phụng Thượng', 44, 2),
(700, 'Phương Độ', 44, 2),
(701, 'Sen Chiểu', 44, 2),
(702, 'Tam Hiệp', 44, 2),
(703, 'Tam Thuấn', 44, 2),
(704, 'Thanh Đa', 44, 2),
(705, 'Thọ Lộc', 44, 2),
(706, 'Thượng Cốc', 44, 2),
(707, 'Tích Giang', 44, 2),
(708, 'Trạch Mỹ Lộc', 44, 2),
(709, 'Vân Hà', 44, 2),
(710, 'Vân Nam', 44, 2),
(711, 'Vân Phúc', 44, 2),
(712, 'Võng Xuyên', 44, 2),
(713, 'Xuân Phú', 44, 2),
(714, 'Cấn Hữu', 45, 2),
(715, 'Cộng Hòa', 45, 2),
(716, 'Đại Thành', 45, 2),
(717, 'Đồng Quang', 45, 2),
(718, 'Đông Xuân', 45, 2),
(719, 'Đông Yên', 45, 2),
(720, 'Hòa Thạch', 45, 2),
(721, 'Liệp Tuyết', 45, 2),
(722, 'Nghĩa Hương', 45, 2),
(723, 'Ngọc Liệp', 45, 2),
(724, 'Ngọc Mỹ', 45, 2),
(725, 'Phú Cát', 45, 2),
(726, 'Phú Mãn', 45, 2),
(727, 'Phượng Cách', 45, 2),
(728, 'Quốc Oai', 45, 2),
(729, 'Sài Sơn', 45, 2),
(730, 'Tân Hòa', 45, 2),
(731, 'Tân Phú', 45, 2),
(732, 'Thạch Thán', 45, 2),
(733, 'Tuyết Nghĩa', 45, 2),
(734, 'Yên Sơn', 45, 2),
(735, 'Bắc Phú', 46, 2),
(736, 'Bắc Sơn', 46, 2),
(737, 'Đông Xuân', 46, 2),
(738, 'Đức Hoà', 46, 2),
(739, 'Hiền Ninh', 46, 2),
(740, 'Hồng Kỳ', 46, 2),
(741, 'Kim Lũ', 46, 2),
(742, 'Mai Đình', 46, 2),
(743, 'Minh Phú', 46, 2),
(744, 'Minh Trí', 46, 2),
(745, 'Nam Sơn', 46, 2),
(746, 'Phú Cường', 46, 2),
(747, 'Phù Linh', 46, 2),
(748, 'Phù Lỗ', 46, 2),
(749, 'Phú Minh', 46, 2),
(750, 'Quang Tiến', 46, 2),
(751, 'Sóc Sơn', 46, 2),
(752, 'Tân Dân', 46, 2),
(753, 'Tân Hưng', 46, 2),
(754, 'Tân Minh', 46, 2),
(755, 'Thanh Xuân', 46, 2),
(756, 'Tiên Dược', 46, 2),
(757, 'Trung Giã', 46, 2),
(758, 'Việt Long', 46, 2),
(759, 'Xuân Giang', 46, 2),
(760, 'Xuân Thu', 46, 2),
(761, 'Cổ Đông', 47, 2),
(762, 'Đường Lâm', 47, 2),
(763, 'Kim Sơn', 47, 2),
(764, 'Lê Lợi', 47, 2),
(765, 'Ngô Quyền', 47, 2),
(766, 'Phú Thịnh', 47, 2),
(767, 'Quang Trung', 47, 2),
(768, 'Sơn Đông', 47, 2),
(769, 'Sơn Lộc', 47, 2),
(770, 'Thanh Mỹ', 47, 2),
(771, 'Trung Hưng', 47, 2),
(772, 'Trung Sơn Trầm', 47, 2),
(773, 'Viên Sơn', 47, 2),
(774, 'Xuân Khanh', 47, 2),
(775, 'Xuân Sơn', 47, 2),
(776, 'Bưởi', 48, 2),
(777, 'Nhật Tân', 48, 2),
(778, 'Phú Thượng', 48, 2),
(779, 'Quảng An', 48, 2),
(780, 'Thụy Khuê', 48, 2),
(781, 'Tứ Liên', 48, 2),
(782, 'Xuân La', 48, 2),
(783, 'Yên Phụ', 48, 2),
(784, 'Bình Phú', 49, 2),
(785, 'Bình Yên', 49, 2),
(786, 'Cẩm Yên', 49, 2),
(787, 'Cần Kiệm', 49, 2),
(788, 'Canh Nậu', 49, 2),
(789, 'Chàng Sơn', 49, 2),
(790, 'Đại Đồng', 49, 2),
(791, 'Dị Nậu', 49, 2),
(792, 'Đồng Trúc', 49, 2),
(793, 'Hạ Bằng', 49, 2),
(794, 'Hương Ngải', 49, 2),
(795, 'Hữu Bằng', 49, 2),
(796, 'Kim Quan', 49, 2),
(797, 'Lại Thượng', 49, 2),
(798, 'Liên Quan', 49, 2),
(799, 'Phú Kim', 49, 2),
(800, 'Phùng Xá', 49, 2),
(801, 'Tân Xã', 49, 2),
(802, 'Thạch Hòa', 49, 2),
(803, 'Thạch Xá', 49, 2),
(804, 'Tiến Xuân', 49, 2),
(805, 'Yên Bình', 49, 2),
(806, 'Yên Trung', 49, 2),
(807, 'Bích Hòa', 50, 2),
(808, 'Bình Minh', 50, 2),
(809, 'Cao Dương', 50, 2),
(810, 'Cao Viên', 50, 2),
(811, 'Cự Khê', 50, 2),
(812, 'Dân Hòa', 50, 2),
(813, 'Đỗ Động', 50, 2),
(814, 'Hồng Dương', 50, 2),
(815, 'Kim An', 50, 2),
(816, 'Kim Bài', 50, 2),
(817, 'Kim Thư', 50, 2),
(818, 'Liên Châu', 50, 2),
(819, 'Mỹ Hưng', 50, 2),
(820, 'Phương Trung', 50, 2),
(821, 'Tam Hưng', 50, 2),
(822, 'Tân Ước', 50, 2),
(823, 'Thanh Cao', 50, 2),
(824, 'Thanh Mai', 50, 2),
(825, 'Thanh Thùy', 50, 2),
(826, 'Thanh Văn', 50, 2),
(827, 'Xuân Dương', 50, 2),
(828, 'Đại Áng', 51, 2),
(829, 'Đông Mỹ', 51, 2),
(830, 'Duyên Hà', 51, 2),
(831, 'Hữu Hòa', 51, 2),
(832, 'Liên Ninh', 51, 2),
(833, 'Ngọc Hồi', 51, 2),
(834, 'Ngũ Hiệp', 51, 2),
(835, 'Tả Thanh Oai', 51, 2),
(836, 'Tam Hiệp', 51, 2),
(837, 'Tân Triều', 51, 2),
(838, 'Thanh Liệt', 51, 2),
(839, 'Tứ Hiệp', 51, 2),
(840, 'Văn Điển', 51, 2),
(841, 'Vạn Phúc', 51, 2),
(842, 'Vĩnh Quỳnh', 51, 2),
(843, 'Yên Mỹ', 51, 2),
(844, 'Hạ Đình', 52, 2),
(845, 'Khương Đình', 52, 2),
(846, 'Khương Mai', 52, 2),
(847, 'Khương Trung', 52, 2),
(848, 'Kim Giang', 52, 2),
(849, 'Nhân Chính', 52, 2),
(850, 'Phương Liệt', 52, 2),
(851, 'Thanh Xuân Bắc', 52, 2),
(852, 'Thanh Xuân Nam', 52, 2),
(853, 'Thanh Xuân Trung', 52, 2),
(854, 'Thượng Đình', 52, 2),
(855, 'Chương Dương', 53, 2),
(856, 'Dũng Tiến', 53, 2),
(857, 'Duyên Thái', 53, 2),
(858, 'Hà Hồi', 53, 2),
(859, 'Hiền Giang', 53, 2),
(860, 'Hòa Bình', 53, 2),
(861, 'Hồng Vân', 53, 2),
(862, 'Khánh Hà', 53, 2),
(863, 'Lê Lợi', 53, 2),
(864, 'Liên Phương', 53, 2),
(865, 'Minh Cường', 53, 2),
(866, 'Nghiêm Xuyên', 53, 2),
(867, 'Nguyễn Trãi', 53, 2),
(868, 'Nhị Khê', 53, 2),
(869, 'Ninh Sở', 53, 2),
(870, 'Quất Động', 53, 2),
(871, 'Tân Minh', 53, 2),
(872, 'Thắng Lợi', 53, 2),
(873, 'Thống Nhất', 53, 2),
(874, 'Thư Phú', 53, 2),
(875, 'Thường Tín', 53, 2),
(876, 'Tiền Phong', 53, 2),
(877, 'Tô Hiệu', 53, 2),
(878, 'Tự Nhiên', 53, 2),
(879, 'Văn Bình', 53, 2),
(880, 'Vạn Điểm', 53, 2),
(881, 'Văn Phú', 53, 2),
(882, 'Vân Tảo', 53, 2),
(883, 'Văn Tự', 53, 2),
(884, 'Cao Thành', 54, 2),
(885, 'Đại Cường', 54, 2),
(886, 'Đại Hùng', 54, 2),
(887, 'Đội Bình', 54, 2),
(888, 'Đông Lỗ', 54, 2),
(889, 'Đồng Tân', 54, 2),
(890, 'Đồng Tiến', 54, 2),
(891, 'Hòa Lâm', 54, 2),
(892, 'Hòa Nam', 54, 2),
(893, 'Hòa Phú', 54, 2),
(894, 'Hoa Sơn', 54, 2),
(895, 'Hòa Xá', 54, 2),
(896, 'Hồng Quang', 54, 2),
(897, 'Kim Đường', 54, 2),
(898, 'Liên Bạt', 54, 2),
(899, 'Lưu Hoàng', 54, 2),
(900, 'Minh Đức', 54, 2),
(901, 'Phù Lưu', 54, 2),
(902, 'Phương Tú', 54, 2),
(903, 'Quảng Phú Cầu', 54, 2),
(904, 'Sơn Công', 54, 2),
(905, 'Tân Phương', 54, 2),
(906, 'Tảo Dương Văn', 54, 2),
(907, 'Trầm Lộng', 54, 2),
(908, 'Trung Tú', 54, 2),
(909, 'Trường Thịnh', 54, 2),
(910, 'Vân Đình', 54, 2),
(911, 'Vạn Thái', 54, 2),
(912, 'Viên An', 54, 2),
(913, 'Viên Nội', 54, 2),
(914, 'Hòa An', 55, 3),
(915, 'Hòa Phát', 55, 3),
(916, 'Hòa Thọ Đông', 55, 3),
(917, 'Hòa Thọ Tây', 55, 3),
(918, 'Hòa Xuân', 55, 3),
(919, 'Khuê Trung', 55, 3),
(920, ' Hải Châu I', 56, 3),
(921, ' Hòa Thuận Đông', 56, 3),
(922, 'Bình Hiên', 56, 3),
(923, 'Bình Thuận', 56, 3),
(924, 'Hải Châu II', 56, 3),
(925, 'Hòa Cường Bắc', 56, 3),
(926, 'Hòa Cường Nam', 56, 3),
(927, 'Hòa Thuận Tây', 56, 3),
(928, 'Nam Dương', 56, 3),
(929, 'Phước Ninh', 56, 3),
(930, 'Thạch Thang', 56, 3),
(931, 'Thanh Bình', 56, 3),
(932, 'Thuận Phước', 56, 3),
(933, 'Hòa Bắc', 57, 3),
(934, 'Hòa Châu', 57, 3),
(935, 'Hòa Khương', 57, 3),
(936, 'Hòa Liên', 57, 3),
(937, 'Hòa Nhơn', 57, 3),
(938, 'Hòa Ninh', 57, 3),
(939, 'Hòa Phong', 57, 3),
(940, 'Hòa Phú', 57, 3),
(941, 'Hòa Phước', 57, 3),
(942, 'Hòa Sơn', 57, 3),
(943, 'Hòa Tiến', 57, 3),
(944, 'Hòa Hiệp Bắc', 59, 3),
(945, 'Hòa Hiệp Nam', 59, 3),
(946, 'Hòa Khánh Bắc', 59, 3),
(947, 'Hòa Khánh Nam', 59, 3),
(948, 'Hòa Minh', 59, 3),
(949, ' Khuê Mỹ', 60, 3),
(950, 'Hòa Hải', 60, 3),
(951, 'Hòa Quý', 60, 3),
(952, 'Mỹ An', 60, 3),
(953, ' An Hải Bắc', 61, 3),
(954, 'An Hải Đông', 61, 3),
(955, 'An Hải Tây', 61, 3),
(956, 'Mân Thái', 61, 3),
(957, 'Nại Hiên Đông ', 61, 3),
(958, 'Phước Mỹ', 61, 3),
(959, 'Thọ Quang', 61, 3),
(960, 'An Khê', 62, 3),
(961, 'Chính Gián', 62, 3),
(962, 'Hòa Khê', 62, 3),
(963, 'Tam Thuận', 62, 3),
(964, 'Tân Chính', 62, 3),
(965, 'Thạc Gián', 62, 3),
(966, 'Thanh Khê Đông', 62, 3),
(967, 'Thanh Khê Tây', 62, 3),
(968, 'Thanh Lộc Đán', 62, 3),
(969, 'Vĩnh Trung', 62, 3),
(970, 'Xuân Hà', 62, 3),
(971, 'Cây Trường II', 63, 4),
(972, 'Hưng Hòa', 63, 4),
(973, 'Lai Hưng', 63, 4),
(974, 'Lai Uyên', 63, 4),
(975, 'Lai Uyên', 63, 4),
(976, 'Long Nguyên', 63, 4),
(977, 'Tân Hưng', 63, 4),
(978, 'Trừ Văn Thố', 63, 4),
(979, 'An Điền', 64, 4),
(980, 'An Tây', 64, 4),
(981, 'Cây Trường', 64, 4),
(982, 'Chánh Phú Hòa', 64, 4),
(983, 'Hòa Lợi', 64, 4),
(984, 'Mỹ Phước', 64, 4),
(985, 'Phú An', 64, 4),
(986, 'Tân Định', 64, 4),
(987, 'Thới Hòa', 64, 4),
(988, 'An Lập', 65, 4),
(989, 'Dầu Tiếng', 65, 4),
(990, 'Định  Hiệp', 65, 4),
(991, 'Định An', 65, 4),
(992, 'Định Thành', 65, 4),
(993, 'Long Hòa', 65, 4),
(994, 'Long Tân', 65, 4),
(995, 'Minh Hòa', 65, 4),
(996, 'Minh Tân', 65, 4),
(997, 'Minh Thạnh', 65, 4),
(998, 'Thanh An', 65, 4),
(999, 'Thanh Tuyền', 65, 4),
(1000, 'An Bình', 66, 4),
(1001, 'Bình An', 66, 4),
(1002, 'Bình Thắng', 66, 4),
(1003, 'Dĩ An', 66, 4),
(1004, 'Đông Hòa', 66, 4),
(1005, 'Tân Bình', 66, 4),
(1006, 'Tân Đông Hiệp', 66, 4),
(1007, 'An Bình', 67, 4),
(1008, 'An Linh', 67, 4),
(1009, 'An Long', 67, 4),
(1010, 'An Thái', 67, 4),
(1011, 'Phước Hòa', 67, 4),
(1012, 'Phước Sang', 67, 4),
(1013, 'Phước Vĩnh', 67, 4),
(1014, 'Tam Lập', 67, 4),
(1015, 'Tân Hiệp', 67, 4),
(1016, 'Tân Long', 67, 4),
(1017, 'Vĩnh Hòa', 67, 4),
(1018, 'Bạch Đằng', 68, 4),
(1019, 'Bình Mỹ', 68, 4),
(1020, 'Đất Cuốc', 68, 4),
(1021, 'Hiếu Liêm', 68, 4),
(1022, 'Hội Nghĩa', 68, 4),
(1023, 'Khánh Bình', 68, 4),
(1024, 'Lạc An', 68, 4),
(1025, 'Phú Chánh', 68, 4),
(1026, 'Tân Bình', 68, 4),
(1027, 'Tân Định', 68, 4),
(1028, 'Tân Hiệp', 68, 4),
(1029, 'Tân Lập', 68, 4),
(1030, 'Tân Mỹ', 68, 4),
(1031, 'Tân Phước Khánh', 68, 4),
(1032, 'Tân Thành', 68, 4),
(1033, 'Tân Vĩnh Hiệp', 68, 4),
(1034, 'Thái Hòa', 68, 4),
(1035, 'Thạnh Hội', 68, 4),
(1036, 'Thạnh Phước', 68, 4),
(1037, 'Thường Tân', 68, 4),
(1038, 'Uyên Hưng', 68, 4),
(1039, 'Vĩnh Tân', 68, 4),
(1040, 'Chánh Mỹ', 69, 4),
(1041, 'Chánh Nghĩa', 69, 4),
(1042, 'Định Hòa', 69, 4),
(1043, 'Hiệp An', 69, 4),
(1044, 'Hiệp Thành', 69, 4),
(1045, 'Hòa Phú', 69, 4),
(1046, 'Phú Cường', 69, 4),
(1047, 'Phú Hòa', 69, 4),
(1048, 'Phú Lợi', 69, 4),
(1049, 'Phú Mỹ', 69, 4),
(1050, 'Phú Tân', 69, 4),
(1051, 'Phú Thọ', 69, 4),
(1052, 'Tân An', 69, 4),
(1053, 'Tương Bình Hiệp', 69, 4),
(1054, 'An Phú', 70, 4),
(1055, 'An Sơn', 70, 4),
(1056, 'An Thạnh', 70, 4),
(1057, 'Bình Chuẩn', 70, 4),
(1058, 'Bình Hòa', 70, 4),
(1059, 'Bình Nhâm', 70, 4),
(1060, 'Hưng Định', 70, 4),
(1061, 'Lái Thiêu', 70, 4),
(1062, 'Thuận Giao', 70, 4),
(1063, 'Vĩnh Phú', 70, 4),
(1064, 'An Bình', 71, 5),
(1065, 'An Hòa', 71, 5),
(1066, 'Bàu Hang', 71, 5),
(1067, 'Bình Đa', 71, 5),
(1068, 'Bửu Hòa', 71, 5),
(1069, 'Bửu Long', 71, 5),
(1070, 'Hiệp Hòa', 71, 5),
(1071, 'Hố Cạn', 71, 5),
(1072, 'Hố Nai', 71, 5),
(1073, 'Hóa An', 71, 5),
(1074, 'Hòa Bình', 71, 5),
(1075, 'Long Bình', 71, 5),
(1076, 'Long Bình Tân', 71, 5),
(1077, 'Long Hưng', 71, 5),
(1078, 'Phước Tân', 71, 5),
(1079, 'Quang Vinh', 71, 5),
(1080, 'Quyết Thắng', 71, 5),
(1081, 'Tam Hiệp', 71, 5),
(1082, 'Tam Hòa', 71, 5),
(1083, 'Tam Phước', 71, 5),
(1084, 'Tân Biên', 71, 5),
(1085, 'Tân Hạnh', 71, 5),
(1086, 'Tân Hiệp', 71, 5),
(1087, 'Tân Hòa', 71, 5),
(1088, 'Tân Long', 71, 5),
(1089, 'Tân Mai', 71, 5),
(1090, 'Tân Phong', 71, 5),
(1091, 'Tân Tiến', 71, 5),
(1092, 'Tân Vạn', 71, 5),
(1093, 'Thanh Bình', 71, 5),
(1094, 'Thống Nhất', 71, 5),
(1095, 'Trảng Dài', 71, 5),
(1096, 'Trung Dũng', 71, 5),
(1097, 'Bảo Bình', 72, 5),
(1098, 'Lâm San', 72, 5),
(1099, 'Long Giao', 72, 5),
(1100, 'Nhân Nghĩa', 72, 5),
(1101, 'Sông Nhạn', 72, 5),
(1102, 'Sông Ray', 72, 5),
(1103, 'Thừa Đức', 72, 5),
(1104, 'Xuân Bảo', 72, 5),
(1105, 'Xuân Đông', 72, 5),
(1106, 'Xuân Đường', 72, 5),
(1107, 'Xuân Mỹ', 72, 5),
(1108, 'Xuân Quế', 72, 5),
(1109, 'Xuân Tây', 72, 5),
(1110, 'Định Quán', 73, 5),
(1111, 'Gia Canh', 73, 5),
(1112, 'La Ngà', 73, 5),
(1113, 'Ngọc Định', 73, 5),
(1114, 'Phú Cường', 73, 5),
(1115, 'Phú Hoà', 73, 5),
(1116, 'Phú Lợi', 73, 5),
(1117, 'Phú Ngọc', 73, 5),
(1118, 'Phú Tân', 73, 5),
(1119, 'Phú Túc', 73, 5),
(1120, 'Phú Vinh', 73, 5),
(1121, 'Suối Nho', 73, 5),
(1122, 'Thanh Sơn', 73, 5),
(1123, 'Túc Trưng', 73, 5),
(1124, 'Bảo Hoà', 74, 5),
(1125, 'Bảo Quang', 74, 5),
(1126, 'Bảo Vinh', 74, 5),
(1127, 'Bàu Sen', 74, 5),
(1128, 'Bàu Trâm', 74, 5),
(1129, 'Bình Lộc', 74, 5),
(1130, 'Hàng Gòn', 74, 5),
(1131, 'Phú Bình', 74, 5),
(1132, 'Suối Tre', 74, 5),
(1133, 'Xuân An', 74, 5),
(1134, 'Xuân Bình', 74, 5),
(1135, 'Xuân Hòa', 74, 5),
(1136, 'Xuân Lập', 74, 5),
(1137, 'Xuân Tân', 74, 5),
(1138, 'Xuân Thanh', 74, 5),
(1139, 'Xuân Trung', 74, 5),
(1140, 'An Phước', 75, 5),
(1141, 'Bàu Cạn', 75, 5),
(1142, 'Bình An', 75, 5),
(1143, 'Bình Sơn', 75, 5),
(1144, 'Cẩm Đường', 75, 5),
(1145, 'Lộc An', 75, 5),
(1146, 'Long An', 75, 5),
(1147, 'Long Đức', 75, 5),
(1148, 'Long Phước', 75, 5),
(1149, 'Long Thành', 75, 5),
(1150, 'Phước Bình', 75, 5),
(1151, 'Phước Tân', 75, 5),
(1152, 'Phước Thái', 75, 5),
(1153, 'Suối Trầu', 75, 5),
(1154, 'Tam An', 75, 5),
(1155, 'Tân Hiệp', 75, 5),
(1156, 'Đại Phước', 76, 5),
(1157, 'Hiệp Phước', 76, 5),
(1158, 'Long Tân', 76, 5),
(1159, 'Long Thọ', 76, 5),
(1160, 'Phú Đông', 76, 5),
(1161, 'Phú Hội', 76, 5),
(1162, 'Phú Hữu', 76, 5),
(1163, 'Phú Thạnh', 76, 5),
(1164, 'Phước An', 76, 5),
(1165, 'Phước Khánh', 76, 5),
(1166, 'Phước Thiền', 76, 5),
(1167, 'Vĩnh Thanh', 76, 5),
(1168, 'Đăk Lua', 77, 5),
(1169, 'Nam Cát Tiên', 77, 5),
(1170, 'Núi Tượng', 77, 5),
(1171, 'Phú An', 77, 5),
(1172, 'Phú Bình', 77, 5),
(1173, 'Phú Điền', 77, 5),
(1174, 'Phú Lâm', 77, 5),
(1175, 'Phú Lập', 77, 5),
(1176, 'Phú Lộc', 77, 5),
(1177, 'Phú Sơn', 77, 5),
(1178, 'Phú Thanh', 77, 5),
(1179, 'Phú Thịnh', 77, 5),
(1180, 'Phú Trung', 77, 5),
(1181, 'Phú Xuân', 77, 5),
(1182, 'Tà Lài', 77, 5),
(1183, 'Tân Phú', 77, 5),
(1184, 'Thanh Sơn', 77, 5),
(1185, 'Trà Cổ', 77, 5),
(1186, 'Bàu Hàm 2', 78, 5),
(1187, 'Dầu Giây', 78, 5),
(1188, 'Gia Kiệm', 78, 5),
(1189, 'Gia Tân 1', 78, 5),
(1190, 'Gia Tân 2', 78, 5),
(1191, 'Gia Tân 3', 78, 5),
(1192, 'Hưng Lộc', 78, 5),
(1193, 'Lộ 25', 78, 5),
(1194, 'Quang Trung', 78, 5),
(1195, 'Xuân Thạnh', 78, 5),
(1196, 'Xuân Thiện', 78, 5),
(1197, 'An Viễn', 79, 5),
(1198, 'Bắc Sơn', 79, 5),
(1199, 'Bàu Hàm', 79, 5),
(1200, 'Bình Minh', 79, 5),
(1201, 'Cây Gáo', 79, 5),
(1202, 'Đồi 61', 79, 5),
(1203, 'Đông Hòa', 79, 5),
(1204, 'Giang Điền', 79, 5),
(1205, 'Hố Nai 3', 79, 5),
(1206, 'Hòa Trung', 79, 5),
(1207, 'Hưng Thịnh', 79, 5),
(1208, 'Quảng Tiến', 79, 5),
(1209, 'Sông Thao', 79, 5),
(1210, 'Sông Trầu', 79, 5),
(1211, 'Tây Hòa', 79, 5),
(1212, 'Thanh Bình', 79, 5),
(1213, 'Trảng Bom', 79, 5),
(1214, 'Trung Hòa', 79, 5),
(1215, 'Bình Hòa', 80, 5),
(1216, 'Bình Lợi', 80, 5),
(1217, 'Hiếu Liêm', 80, 5),
(1218, 'Mã Đà', 80, 5),
(1219, 'Phú Lý', 80, 5),
(1220, 'Tân An', 80, 5),
(1221, 'Tân Bình', 80, 5),
(1222, 'Thạnh Phú', 80, 5),
(1223, 'Thiện Tân', 80, 5),
(1224, 'Trị An', 80, 5),
(1225, 'Vĩnh An', 80, 5),
(1226, 'Vĩnh Tân', 80, 5),
(1227, 'Bảo Hòa', 81, 5),
(1228, 'Gia Ray', 81, 5),
(1229, 'Lang Minh', 81, 5),
(1230, 'Suối Cao', 81, 5),
(1231, 'Suối Cát', 81, 5),
(1232, 'Xuân Bắc', 81, 5),
(1233, 'Xuân Định', 81, 5),
(1234, 'Xuân Hiệp', 81, 5),
(1235, 'Xuân Hòa', 81, 5),
(1236, 'Xuân Hưng', 81, 5),
(1237, 'Xuân Phú', 81, 5),
(1238, 'Xuân Tâm', 81, 5),
(1239, 'Xuân Thành', 81, 5),
(1240, 'Xuân Thọ', 81, 5),
(1241, 'Xuân Trường', 81, 5),
(1242, 'Cam An Bắc', 82, 6),
(1243, 'Cam An Nam', 82, 6),
(1244, 'Cam Đức', 82, 6),
(1245, 'Cam Hải Đông', 82, 6),
(1246, 'Cam Hải Tây', 82, 6),
(1247, 'Cam Hiệp Bắc', 82, 6),
(1248, 'Cam Hiệp Nam', 82, 6),
(1249, 'Cam Hòa', 82, 6),
(1250, 'Cam Phước Tây', 82, 6),
(1251, 'Cam Tân', 82, 6),
(1252, 'Cam Thành Bắc', 82, 6),
(1253, 'Sơn Tân', 82, 6),
(1254, 'Suối Cát', 82, 6),
(1255, 'Suối Tân', 82, 6),
(1256, 'Ba Ngòi', 83, 6),
(1257, 'Cam Bình', 83, 6),
(1258, 'Cam Lập', 83, 6),
(1259, 'Cam Linh', 83, 6),
(1260, 'Cam Lộc', 83, 6),
(1261, 'Cam Lợi', 83, 6),
(1262, 'Cam Nghĩa', 83, 6),
(1263, 'Cam Phú', 83, 6),
(1264, 'Cam Phúc Bắc', 83, 6),
(1265, 'Cam Phúc Nam', 83, 6),
(1266, 'Cam Phước Đông', 83, 6),
(1267, 'Cam Thành Nam', 83, 6),
(1268, 'Cam Thịnh Đông', 83, 6),
(1269, 'Cam Thịnh Tây', 83, 6),
(1270, 'Cam Thuận', 83, 6),
(1271, 'Diên An', 84, 6),
(1272, 'Diên Bình', 84, 6),
(1273, 'Diên Điền', 84, 6),
(1274, 'Diên Đồng', 84, 6),
(1275, 'Diên Hòa', 84, 6),
(1276, 'Diên Khánh ', 84, 6),
(1277, 'Diên Lạc', 84, 6),
(1278, 'Diên Lâm', 84, 6),
(1279, 'Diên Lộc', 84, 6),
(1280, 'Diên Phú', 84, 6),
(1281, 'Diên Phước', 84, 6),
(1282, 'Diên Sơn', 84, 6),
(1283, 'Diên Tân', 84, 6),
(1284, 'Diên Thạnh', 84, 6),
(1285, 'Diên Thọ', 84, 6),
(1286, 'Diên Toàn', 84, 6),
(1287, 'Diên Xuân', 84, 6),
(1288, 'Suối Hiệp', 84, 6),
(1289, 'Suối Tiên', 84, 6),
(1290, 'Ba Cụm Bắc', 85, 6),
(1291, 'Ba Cụm Nam', 85, 6),
(1292, 'Sơn Bình', 85, 6),
(1293, 'Sơn Hiệp', 85, 6),
(1294, 'Sơn Lâm', 85, 6),
(1295, 'Sơn Trung', 85, 6),
(1296, 'Thành Sơn', 85, 6),
(1297, 'Tô Hạp', 85, 6),
(1298, 'Cầu Bà', 86, 6),
(1299, 'Giang Ly', 86, 6),
(1300, 'Khánh Bình', 86, 6),
(1301, 'Khánh Đông', 86, 6),
(1302, 'Khánh Hiệp', 86, 6),
(1303, 'Khánh Nam', 86, 6),
(1304, 'Khánh Phú', 86, 6),
(1305, 'Khánh Thành', 86, 6),
(1306, 'Khánh Thượng', 86, 6),
(1307, 'Khánh Trung', 86, 6),
(1308, 'Khánh Vĩnh', 86, 6),
(1309, 'Liên Sang', 86, 6),
(1310, 'Sơn Thái', 86, 6),
(1311, 'Sông Cầu', 86, 6),
(1312, 'Lộc Thọ', 87, 6),
(1313, 'Ngọc Hiệp', 87, 6),
(1314, 'Phước Đồng', 87, 6),
(1315, 'Phước Hải', 87, 6),
(1316, 'Phước Hòa', 87, 6),
(1317, 'Phước Long ', 87, 6),
(1318, 'Phước Tân', 87, 6),
(1319, 'Phước Tiến', 87, 6),
(1320, 'Phương Sài', 87, 6),
(1321, 'Phương Sơn', 87, 6),
(1322, 'Tân Lập', 87, 6),
(1323, 'Vạn Thắng', 87, 6),
(1324, 'Vạn Thạnh', 87, 6),
(1325, 'Vĩnh Hải', 87, 6),
(1326, 'Vĩnh Hiệp', 87, 6),
(1327, 'Vĩnh Hòa', 87, 6),
(1328, 'Vĩnh Lương', 87, 6),
(1329, 'Vĩnh Ngọc', 87, 6),
(1330, 'Vĩnh Nguyên', 87, 6),
(1331, 'Vĩnh Phước', 87, 6),
(1332, 'Vĩnh Phương', 87, 6),
(1333, 'Vĩnh Thái', 87, 6),
(1334, 'Vĩnh Thạnh', 87, 6),
(1335, 'Vĩnh Thọ', 87, 6),
(1336, 'Vĩnh Trung', 87, 6),
(1337, 'Vĩnh Trường', 87, 6),
(1338, 'Xương Huân', 87, 6),
(1339, 'Diên Toàn', 88, 6),
(1340, 'Ninh An', 88, 6),
(1341, 'Ninh Bình', 88, 6),
(1342, 'Ninh Đa', 88, 6),
(1343, 'Ninh Diêm', 88, 6),
(1344, 'Ninh Đông', 88, 6),
(1345, 'Ninh Giang', 88, 6),
(1346, 'Ninh Hà', 88, 6),
(1347, 'Ninh Hải', 88, 6),
(1348, 'Ninh Hiệp', 88, 6),
(1349, 'Ninh Hưng', 88, 6),
(1350, 'Ninh Ích', 88, 6),
(1351, 'Ninh Lộc', 88, 6),
(1352, 'Ninh Phú', 88, 6),
(1353, 'Ninh Phụng', 88, 6),
(1354, 'Ninh Phước', 88, 6),
(1355, 'Ninh Quang', 88, 6),
(1356, 'Ninh Sim', 88, 6),
(1357, 'Ninh Sơn', 88, 6),
(1358, 'Ninh Tân', 88, 6),
(1359, 'Ninh Tây', 88, 6),
(1360, 'Ninh Thân', 88, 6),
(1361, 'Ninh Thọ', 88, 6),
(1362, 'Ninh Thượng', 88, 6),
(1363, 'Ninh Thủy', 88, 6),
(1364, 'Ninh Trung', 88, 6),
(1365, 'Ninh Vân', 88, 6),
(1366, 'Ninh Xuân', 88, 6),
(1367, 'Sinh Tồn', 89, 6),
(1368, 'Song Tử Tây', 89, 6),
(1369, 'Trường Sa', 89, 6),
(1370, 'Đại Lãnh', 90, 6),
(1371, 'Vạn Bình', 90, 6),
(1372, 'Vạn Giã', 90, 6),
(1373, 'Vạn Hưng', 90, 6),
(1374, 'Vạn Khánh', 90, 6),
(1375, 'Vạn Long', 90, 6),
(1376, 'Vạn Lương', 90, 6),
(1377, 'Vạn Phú', 90, 6),
(1378, 'Vạn Phước', 90, 6),
(1379, 'Vạn Thắng', 90, 6),
(1380, 'Vạn Thạnh', 90, 6),
(1381, 'Vạn Thọ', 90, 6),
(1382, 'Xuân Sơn', 90, 6),
(1383, 'An Đồng', 91, 7),
(1384, 'An Dương', 91, 7),
(1385, 'An Hải', 91, 7),
(1386, 'An Hòa', 91, 7),
(1387, 'An Hồng', 91, 7),
(1388, 'An Hưng', 91, 7),
(1389, 'Bắc Sơn', 91, 7),
(1390, 'Đại Bản', 91, 7),
(1391, 'Đặng Cương', 91, 7),
(1392, 'Đồng Thái', 91, 7),
(1393, 'Hồng phong', 91, 7),
(1394, 'Hồng Thái', 91, 7),
(1395, 'Hồng Tiến', 91, 7),
(1396, 'Lê Lợi', 91, 7),
(1397, 'Lê Thiên', 91, 7),
(1398, 'Nam Sơn', 91, 7),
(1399, 'Quốc Tuấn', 91, 7),
(1400, 'Tân Tiến', 91, 7),
(1401, 'An Lão', 92, 7),
(1402, 'An Thái', 92, 7),
(1403, 'An Thắng', 92, 7),
(1404, 'An Thọ', 92, 7),
(1405, 'An Tiến', 92, 7),
(1406, 'Bát Trang', 92, 7),
(1407, 'Chiến Thắng', 92, 7),
(1408, 'Mỹ Đức', 92, 7),
(1409, 'Quang Hưng', 92, 7),
(1410, 'Quang Trung', 92, 7),
(1411, 'Quốc Tuấn', 92, 7),
(1412, 'Tân Dân', 92, 7),
(1413, 'Tân Viên', 92, 7),
(1414, 'Thái Sơn', 92, 7),
(1415, 'Trường Sơn', 92, 7),
(1416, 'Trường Thành', 92, 7),
(1417, 'Trường Thọ', 92, 7),
(1418, ' Đồng Bài', 94, 7),
(1419, 'Cát Bà', 94, 7),
(1420, 'Cát Hải', 94, 7),
(1421, 'Gia Luận', 94, 7),
(1422, 'Hiền Hào', 94, 7),
(1423, 'Hoàng Châu', 94, 7),
(1424, 'Nghĩa Lộ', 94, 7),
(1425, 'Phù Long', 94, 7),
(1426, 'Trân Châu', 94, 7),
(1427, 'Văn Phong', 94, 7),
(1428, 'Việt Hải', 94, 7),
(1429, 'Xuân Đám', 94, 7),
(1430, 'Bàng La', 95, 7),
(1431, 'Hợp Đức', 95, 7),
(1432, 'Minh Đức', 95, 7),
(1433, 'Ngọc Hải', 95, 7),
(1434, 'Ngọc Xuyên', 95, 7),
(1435, 'Vạn Hương', 95, 7),
(1436, 'Vạn Sơn', 95, 7),
(1437, 'Anh Dũng', 96, 7),
(1438, 'Đa Phúc', 96, 7),
(1439, 'Hải Thành', 96, 7),
(1440, 'Hòa Nghĩa', 96, 7),
(1441, 'Hưng Đạo', 96, 7),
(1442, 'Tân Thành', 96, 7),
(1443, ' Đằng Hải', 97, 7),
(1444, 'An Khê', 97, 7),
(1445, 'Cát Bi', 97, 7),
(1446, 'Đằng Lâm', 97, 7),
(1447, 'Đông Hải 1', 97, 7),
(1448, 'Đông Hải 2', 97, 7),
(1449, 'Nam Hải', 97, 7),
(1450, 'Thành Tô', 97, 7),
(1451, 'Tràng Cát', 97, 7),
(1452, 'Hạ Lý', 98, 7),
(1453, 'Hoàng Văn Thụ', 98, 7),
(1454, 'Hùng Vương', 98, 7),
(1455, 'Minh Khai', 98, 7),
(1456, 'Nam Sơn', 98, 7),
(1457, 'Phạm Hồng Thái', 98, 7),
(1458, 'Phan Bội Châu', 98, 7),
(1459, 'Quán Toan', 98, 7),
(1460, 'Quang Trung', 98, 7),
(1461, 'Sở Dầu', 98, 7),
(1462, 'Thượng Lý', 98, 7),
(1463, 'Trại Chuối', 98, 7),
(1464, 'Bắc Sơn', 99, 7),
(1465, 'Đồng Hòa', 99, 7),
(1466, 'Lãm Hà', 99, 7),
(1467, 'Lãm Khê', 99, 7),
(1468, 'Nam Sơn', 99, 7),
(1469, 'Ngọc Sơn', 99, 7),
(1470, 'Phù Liễn', 99, 7),
(1471, 'Quán Trữ', 99, 7),
(1472, 'Trần Thành Ngọ', 99, 7),
(1473, 'Tràng Minh', 99, 7),
(1474, 'Văn Đẩu', 99, 7),
(1475, 'Đa Phúc', 100, 7),
(1476, 'Đại Đồng', 100, 7),
(1477, 'Đại Hà', 100, 7),
(1478, 'Đại Hợp', 100, 7),
(1479, 'Đoàn Xá', 100, 7),
(1480, 'Đông Phương', 100, 7),
(1481, 'Du Lễ', 100, 7),
(1482, 'Hữu Bằng', 100, 7),
(1483, 'Kiến Quốc', 100, 7),
(1484, 'Minh Tân', 100, 7),
(1485, 'Ngũ Đoan', 100, 7),
(1486, 'Ngũ Phúc', 100, 7),
(1487, 'Núi Đối', 100, 7),
(1488, 'Tân Phong', 100, 7),
(1489, 'Tân Trào', 100, 7),
(1490, 'Thanh Sơn', 100, 7),
(1491, 'Thuận Thiên', 100, 7),
(1492, 'Thụy Hương', 100, 7),
(1493, 'Tú Sơn', 100, 7),
(1494, ' An Dương', 101, 7),
(1495, ' Kênh Dương', 101, 7),
(1496, 'An Biên', 101, 7),
(1497, 'Cát Dài', 101, 7),
(1498, 'Đông Hải', 101, 7),
(1499, 'Dư Hàng', 101, 7),
(1500, 'Dư Hàng Kênh 	', 101, 7),
(1501, 'Hàng Kênh', 101, 7),
(1502, 'Hồ Nam', 101, 7),
(1503, 'Lam Sơn', 101, 7),
(1504, 'Nghĩa Xá', 101, 7),
(1505, 'Niệm Nghĩa', 101, 7),
(1506, 'Trại Cau', 101, 7),
(1507, 'Trần Nguyên Hãn', 101, 7),
(1508, 'Vĩnh Niệm', 101, 7),
(1509, ' Cầu Đất', 102, 7),
(1510, ' Gia Viên', 102, 7),
(1511, ' Lạc Viên', 102, 7),
(1512, ' Lê Lợi', 102, 7),
(1513, 'Cầu Tre', 102, 7),
(1514, 'Đằng Giang', 102, 7),
(1515, 'Đông Khê', 102, 7),
(1516, 'Đổng Quốc Bình', 102, 7),
(1517, 'Lạch Tray', 102, 7),
(1518, 'Lương Khánh Thiện', 102, 7),
(1519, 'Máy Chai', 102, 7),
(1520, 'Máy Tơ', 102, 7),
(1521, 'Vạn Mỹ', 102, 7),
(1522, ' Cao Nhân', 103, 7),
(1523, ' Đông Sơn', 103, 7),
(1524, ' Gia Minh', 103, 7),
(1525, ' Hòa Bình', 103, 7),
(1526, ' Kênh Giang', 103, 7),
(1527, ' Kiền Bái', 103, 7),
(1528, ' Lâm Động', 103, 7),
(1529, ' Phục Lễ', 103, 7),
(1530, ' Tam Hưng', 103, 7),
(1531, ' Thủy Đường', 103, 7),
(1532, 'An Lư', 103, 7),
(1533, 'An Sơn', 103, 7),
(1534, 'Chính Mỹ', 103, 7),
(1535, 'Dương Quan', 103, 7),
(1536, 'Gia Đức', 103, 7),
(1537, 'Hoa Động', 103, 7),
(1538, 'Hoàng Động', 103, 7),
(1539, 'Hợp Thành', 103, 7),
(1540, 'Kỳ Sơn', 103, 7),
(1541, 'Lại Xuân', 103, 7),
(1542, 'Lập Lễ', 103, 7),
(1543, 'Liên Khê', 103, 7),
(1544, 'Lưu Kiếm', 103, 7),
(1545, 'Lưu Kỳ', 103, 7),
(1546, 'Minh Đức', 103, 7),
(1547, 'Minh Tân', 103, 7),
(1548, 'Mỹ Đồng', 103, 7),
(1549, 'Ngũ Lão', 103, 7),
(1550, 'Núi Đèo', 103, 7),
(1551, 'Phả Lễ', 103, 7),
(1552, 'Phù Ninh', 103, 7),
(1553, 'Quảng Thanh', 103, 7),
(1554, 'Tân Dương', 103, 7);

-- --------------------------------------------------------

--
-- Cấu trúc bảng cho bảng `quanhuyen`
--

CREATE TABLE `quanhuyen` (
  `IdQuanHuyen` int(10) NOT NULL,
  `TenQuanHuyen` varchar(100) NOT NULL,
  `IdTinhThanh` int(10) NOT NULL
) ENGINE=InnoDB DEFAULT CHARSET=utf8mb4;

--
-- Đang đổ dữ liệu cho bảng `quanhuyen`
--

INSERT INTO `quanhuyen` (`IdQuanHuyen`, `TenQuanHuyen`, `IdTinhThanh`) VALUES
(1, 'Bình Chánh', 1),
(2, 'Bình Tân', 1),
(3, 'Bình Thạnh', 1),
(4, 'Cần Giờ', 1),
(5, 'Củ Chi', 1),
(6, 'Gò Vấp', 1),
(7, 'Hóc Môn', 1),
(8, 'Nhà Bè', 1),
(9, 'Phú Nhuận', 1),
(10, 'Quận 1', 1),
(11, 'Quận 10', 1),
(12, 'Quận 11', 1),
(13, 'Quận 12', 1),
(14, 'Quận 2', 1),
(15, 'Quận 3', 1),
(16, 'Quận 4', 1),
(17, 'Quận 5', 1),
(18, 'Quận 6', 1),
(19, 'Quận 7', 1),
(20, 'Quận 8', 1),
(21, 'Quận 9', 1),
(22, 'Tân Bình', 1),
(23, 'Tân Phú', 1),
(24, 'Thủ Đức', 1),
(25, 'Ba Đình', 2),
(26, 'Ba Vì', 2),
(27, 'Bắc Từ Liêm', 2),
(28, 'Cầu Giấy', 2),
(29, 'Chương Mỹ', 2),
(30, 'Đan Phượng', 2),
(31, 'Đông Anh', 2),
(32, 'Đống Đa', 2),
(33, 'Gia Lâm', 2),
(34, 'Hà Đông', 2),
(35, 'Hai Bà Trưng', 2),
(36, 'Hoài Đức', 2),
(37, 'Hoàn Kiếm', 2),
(38, 'Hoàng Mai', 2),
(39, 'Long Biên', 2),
(40, 'Mê Linh', 2),
(41, 'Mỹ Đức', 2),
(42, 'Nam Từ Liêm', 2),
(43, 'Phú Xuyên', 2),
(44, 'Phúc Thọ', 2),
(45, 'Quốc Oai', 2),
(46, 'Sóc Sơn', 2),
(47, 'Sơn Tây', 2),
(48, 'Tây Hồ', 2),
(49, 'Thạch Thất', 2),
(50, 'Thanh Oai', 2),
(51, 'Thanh Trì', 2),
(52, 'Thanh Xuân', 2),
(53, 'Thường Tín', 2),
(54, 'Ứng Hòa', 2),
(55, 'Cẩm Lệ', 3),
(56, 'Hải Châu', 3),
(57, 'Hòa Vang', 3),
(58, 'Hoàng Sa', 3),
(59, 'Liên Chiểu', 3),
(60, 'Ngũ Hành Sơn', 3),
(61, 'Sơn Trà', 3),
(62, 'Thanh Khê', 3),
(63, 'Bàu Bàng', 4),
(64, 'Bến Cát', 4),
(65, 'Dầu Tiếng', 4),
(66, 'Dĩ An', 4),
(67, 'Phú Giáo', 4),
(68, 'Tân Uyên', 4),
(69, 'Thủ Dầu Một', 4),
(70, 'Thuận An', 4),
(71, 'Biên Hòa', 5),
(72, 'Cẩm Mỹ', 5),
(73, 'Định Quán', 5),
(74, 'Long Khánh', 5),
(75, 'Long Thành', 5),
(76, 'Nhơn Trạch', 5),
(77, 'Tân Phú', 5),
(78, 'Thống Nhất', 5),
(79, 'Trảng Bom', 5),
(80, 'Vĩnh Cửu', 5),
(81, 'Xuân Lộc', 5),
(82, 'Cam Lâm', 6),
(83, 'Cam Ranh', 6),
(84, 'Diên Khánh', 6),
(85, 'Khánh Sơn', 6),
(86, 'Khánh Vĩnh', 6),
(87, 'Nha Trang', 6),
(88, 'Ninh Hòa', 6),
(89, 'Trường Sa', 6),
(90, 'Vạn Ninh', 6),
(91, 'An Dương', 7),
(92, 'An Lão', 7),
(93, 'Bạch Long Vĩ', 7),
(94, 'Cát Hải', 7),
(95, 'Đồ Sơn', 7),
(96, 'Dương Kinh', 7),
(97, 'Hải An', 7),
(98, 'Hồng Bàng', 7),
(99, 'Kiến An', 7),
(100, 'Kiến Thụy', 7),
(101, 'Lê Chân', 7),
(102, 'Ngô Quyền', 7),
(103, 'Thủy Nguyên', 7),
(104, 'Tiên Lãng', 7),
(105, 'Vĩnh Bảo', 7),
(106, 'Bến Lức', 8),
(107, 'Cần Đước', 8),
(108, 'Cần Giuộc', 8),
(109, 'Châu Thành', 8),
(110, 'Đức Hòa', 8),
(111, 'Đức Huệ', 8),
(112, 'Kiến Tường', 8),
(113, 'Mộc Hóa', 8),
(114, 'Tân An', 8),
(115, 'Tân Hưng', 8),
(116, 'Tân Thạnh', 8),
(117, 'Tân Trụ', 8),
(118, 'Thạnh Hóa', 8),
(119, 'Thủ Thừa', 8),
(120, 'Vĩnh Hưng', 8),
(121, 'Bắc Trà My', 9),
(122, 'Đại Lộc', 9),
(123, 'Điện Bàn', 9),
(124, 'Đông Giang', 9),
(125, 'Duy Xuyên', 9),
(126, 'Hiệp Đức', 9),
(127, 'Hội An', 9),
(128, 'Nam Giang', 9),
(129, 'Nam Trà My', 9),
(130, 'Nông Sơn', 9),
(131, 'Núi Thành', 9),
(132, 'Phú Ninh', 9),
(133, 'Phước Sơn', 9),
(134, 'Quế Sơn', 9),
(135, 'Tam Kỳ', 9),
(136, 'Tây Giang', 9),
(137, 'Thăng Bình', 9),
(138, 'Tiên Phước', 9),
(139, 'Bà Rịa', 10),
(140, 'Châu Đức', 10),
(141, 'Côn Đảo', 10),
(142, 'Đất Đỏ', 10),
(143, 'Long Điền', 10),
(144, 'Tân Thành', 10),
(145, 'Vũng Tàu', 10),
(146, 'Xuyên Mộc', 10),
(147, 'Buôn Đôn', 11),
(148, 'Buôn Hồ', 11),
(149, 'Buôn Ma Thuột', 11),
(150, 'Cư Kuin', 11),
(151, 'Cư M\'gar', 11),
(152, 'Ea H\'Leo', 11),
(153, 'Ea Kar', 11),
(154, 'Ea Súp', 11),
(155, 'Krông Ana', 11),
(156, 'Krông Bông', 11),
(157, 'Krông Buk', 11),
(158, 'Krông Năng', 11),
(159, 'Krông Pắc', 11),
(160, 'Lăk', 11),
(161, 'Đrăk', 11),
(162, 'Thới Lai', 12),
(163, 'Bình Thủy', 12),
(164, 'Cái Răng', 12),
(165, 'Cờ Đỏ', 12),
(166, 'Ninh Kiều', 12),
(167, 'Ô Môn', 12),
(168, 'Phong Điền', 12),
(169, 'Thốt Nốt', 12),
(170, 'Vĩnh Thạnh', 12),
(171, 'Bắc Bình', 13),
(172, 'Đảo Phú Quý', 13),
(173, 'Đức Linh', 13),
(174, 'Hàm Tân', 13),
(175, 'Hàm Thuận Bắc', 13),
(176, 'Hàm Thuận Nam', 13),
(177, 'La Gi', 13),
(178, 'Phan Thiết', 13),
(179, 'Tánh Linh', 13),
(180, 'Tuy Phong', 13),
(181, 'Bảo Lâm', 14),
(182, 'Bảo Lộc', 14),
(183, 'Cát Tiên', 14),
(184, 'Đạ Huoai', 14),
(185, 'Đà Lạt', 14),
(186, 'Đạ Tẻh', 14),
(187, 'Đam Rông', 14),
(188, 'Di Linh', 14),
(189, 'Đơn Dương', 14),
(190, 'Đức Trọng', 14),
(191, 'Lạc Dương', 14),
(192, 'Lâm Hà', 14),
(193, 'A Lưới', 15),
(194, 'Huế', 15),
(195, 'Hương Thủy', 15),
(196, 'Hương Trà', 15),
(197, 'Nam Đông', 15),
(198, 'Phong Điền', 15),
(199, 'Phú Lộc', 15),
(200, 'Phú Vang', 15),
(201, 'Quảng Điền', 15),
(202, 'An Biên', 16),
(203, 'An Minh', 16),
(204, 'Châu Thành', 16),
(205, 'Giang Thành', 16),
(206, 'Giồng Riềng', 16),
(207, 'Gò Quao', 16),
(208, 'Hà Tiên', 16),
(209, 'Hòn Đất', 16),
(210, 'Kiên Hải', 16),
(211, 'Kiên Lương', 16),
(212, 'Phú Quốc', 16),
(213, 'Rạch Giá', 16),
(214, 'Tân Hiệp', 16),
(215, 'U minh Thượng', 16),
(216, 'Vĩnh Thuận', 16),
(217, 'Bắc Ninh', 17),
(218, 'Gia Bình', 17),
(219, 'Lương Tài', 17),
(220, 'Quế Võ', 17),
(221, 'Thuận Thành', 17),
(222, 'Tiên Du', 17),
(223, 'Từ Sơn', 17),
(224, 'Yên Phong', 17),
(225, 'Ba Chẽ', 18),
(226, 'Bình Liêu', 18),
(227, 'Cẩm Phả', 18),
(228, 'Cô Tô', 18),
(229, 'Đầm Hà', 18),
(230, 'Đông Triều', 18),
(231, 'Hạ Long', 18),
(232, 'Hải Hà', 18),
(233, 'Hoành Bồ', 18),
(234, 'Móng Cái', 18),
(235, 'Quảng Yên', 18),
(236, 'Tiên Yên', 18),
(237, 'Uông Bí', 18),
(238, 'Vân Đồn', 18),
(239, 'Bá Thước', 19),
(240, 'Bỉm Sơn', 19),
(241, 'Cẩm Thủy', 19),
(242, 'Đông Sơn', 19),
(243, 'Hà Trung', 19),
(244, 'Hậu Lộc', 19),
(245, 'Hoằng Hóa', 19),
(246, 'Lang Chánh', 19),
(247, 'Mường Lát', 19),
(248, 'Nga Sơn', 19),
(249, 'Ngọc Lặc', 19),
(250, 'Như Thanh', 19),
(251, 'Như Xuân', 19),
(252, 'Nông Cống', 19),
(253, 'Quan Hóa', 19),
(254, 'Quan Sơn', 19),
(255, 'Quảng Xương', 19),
(256, 'Sầm Sơn', 19),
(257, 'Thạch Thành', 19),
(258, 'Thanh Hóa', 19),
(259, 'Thiệu Hóa', 19),
(260, 'Thọ Xuân', 19),
(261, 'Thường Xuân', 19),
(262, 'Tĩnh Gia', 19),
(263, 'Triệu Sơn', 19),
(264, 'Vĩnh Lộc', 19),
(265, 'Yên Định', 19),
(266, 'Anh Sơn', 20),
(267, 'Con Cuông', 20),
(268, 'Cửa Lò', 20),
(269, 'Diễn Châu', 20),
(270, 'Đô Lương', 20),
(271, 'Hoàng Mai', 20),
(272, 'Hưng Nguyên', 20),
(273, 'Kỳ Sơn', 20),
(274, 'Nam Đàn', 20),
(275, 'Nghi Lộc', 20),
(276, 'Nghĩa Đàn', 20),
(277, 'Quế Phong', 20),
(278, 'Quỳ Châu', 20),
(279, 'Quỳ Hợp', 20),
(280, 'Quỳnh Lưu', 20),
(281, 'Tân Kỳ', 20),
(282, 'Thái Hòa', 20),
(283, 'Thanh Chương', 20),
(284, 'Tương Dương', 20),
(285, 'Vinh', 20);

-- --------------------------------------------------------

--
-- Cấu trúc bảng cho bảng `tinhthanh`
--

CREATE TABLE `tinhthanh` (
  `IdTinhThanh` int(10) NOT NULL,
  `TenTinhThanh` varchar(100) NOT NULL
) ENGINE=InnoDB DEFAULT CHARSET=utf8mb4;

--
-- Đang đổ dữ liệu cho bảng `tinhthanh`
--

INSERT INTO `tinhthanh` (`IdTinhThanh`, `TenTinhThanh`) VALUES
(1, 'Hồ Chí Minh'),
(2, 'Hà Nội'),
(3, 'Đà Nẵng'),
(4, 'Bình Dương'),
(5, 'Đồng Nai'),
(6, 'Khánh Hòa'),
(7, 'Hải Phòng'),
(8, 'Long An'),
(9, 'Quảng Nam'),
(10, 'Vũng Tàu'),
(11, 'Đăk Lăk'),
(12, 'Cần Thơ'),
(13, 'Bình Thuận'),
(14, 'Lâm Đồng'),
(15, 'Thừa Thiên Huế'),
(16, 'Kiên Giang'),
(17, 'Bắc Ninh'),
(18, 'Quảng Ninh'),
(19, 'Thanh Hóa'),
(20, 'Nghệ An');

--
-- Chỉ mục cho các bảng đã đổ
--

--
-- Chỉ mục cho bảng `admin`
--
ALTER TABLE `admin`
  ADD PRIMARY KEY (`IdAdmin`);

--
-- Chỉ mục cho bảng `chitiettiepxuc`
--
ALTER TABLE `chitiettiepxuc`
  ADD PRIMARY KEY (`IdChiTietTiepXuc`),
  ADD KEY `NguoiMua` (`IdNguoiMua`),
  ADD KEY `NguoiBan` (`IdNguoiBan`);

--
-- Chỉ mục cho bảng `nguoidung`
--
ALTER TABLE `nguoidung`
  ADD PRIMARY KEY (`IdNguoiDung`);

--
-- Chỉ mục cho bảng `phuongxa`
--
ALTER TABLE `phuongxa`
  ADD PRIMARY KEY (`IdPhuongXa`),
  ADD KEY `QH` (`IdQuanHuyen`),
  ADD KEY `TT` (`IdTinhThanh`);

--
-- Chỉ mục cho bảng `quanhuyen`
--
ALTER TABLE `quanhuyen`
  ADD PRIMARY KEY (`IdQuanHuyen`),
  ADD KEY `QuanHuyen` (`IdTinhThanh`);

--
-- Chỉ mục cho bảng `tinhthanh`
--
ALTER TABLE `tinhthanh`
  ADD PRIMARY KEY (`IdTinhThanh`);

--
-- AUTO_INCREMENT cho các bảng đã đổ
--

--
-- AUTO_INCREMENT cho bảng `admin`
--
ALTER TABLE `admin`
  MODIFY `IdAdmin` int(10) NOT NULL AUTO_INCREMENT, AUTO_INCREMENT=6;

--
-- AUTO_INCREMENT cho bảng `chitiettiepxuc`
--
ALTER TABLE `chitiettiepxuc`
  MODIFY `IdChiTietTiepXuc` int(10) NOT NULL AUTO_INCREMENT, AUTO_INCREMENT=4;

--
-- AUTO_INCREMENT cho bảng `nguoidung`
--
ALTER TABLE `nguoidung`
  MODIFY `IdNguoiDung` int(10) NOT NULL AUTO_INCREMENT, AUTO_INCREMENT=11;

--
-- AUTO_INCREMENT cho bảng `phuongxa`
--
ALTER TABLE `phuongxa`
  MODIFY `IdPhuongXa` int(10) NOT NULL AUTO_INCREMENT, AUTO_INCREMENT=1555;

--
-- AUTO_INCREMENT cho bảng `quanhuyen`
--
ALTER TABLE `quanhuyen`
  MODIFY `IdQuanHuyen` int(10) NOT NULL AUTO_INCREMENT, AUTO_INCREMENT=288;

--
-- AUTO_INCREMENT cho bảng `tinhthanh`
--
ALTER TABLE `tinhthanh`
  MODIFY `IdTinhThanh` int(10) NOT NULL AUTO_INCREMENT, AUTO_INCREMENT=21;

--
-- Các ràng buộc cho các bảng đã đổ
--

--
-- Các ràng buộc cho bảng `chitiettiepxuc`
--
ALTER TABLE `chitiettiepxuc`
  ADD CONSTRAINT `NguoiBan` FOREIGN KEY (`IdNguoiBan`) REFERENCES `nguoidung` (`IdNguoiDung`) ON DELETE CASCADE ON UPDATE CASCADE,
  ADD CONSTRAINT `NguoiMua` FOREIGN KEY (`IdNguoiMua`) REFERENCES `nguoidung` (`IdNguoiDung`) ON DELETE CASCADE ON UPDATE CASCADE;

--
-- Các ràng buộc cho bảng `phuongxa`
--
ALTER TABLE `phuongxa`
  ADD CONSTRAINT `QH` FOREIGN KEY (`IdQuanHuyen`) REFERENCES `quanhuyen` (`IdQuanHuyen`) ON DELETE CASCADE ON UPDATE CASCADE,
  ADD CONSTRAINT `TT` FOREIGN KEY (`IdTinhThanh`) REFERENCES `tinhthanh` (`IdTinhThanh`) ON DELETE CASCADE ON UPDATE CASCADE;
COMMIT;

/*!40101 SET CHARACTER_SET_CLIENT=@OLD_CHARACTER_SET_CLIENT */;
/*!40101 SET CHARACTER_SET_RESULTS=@OLD_CHARACTER_SET_RESULTS */;
/*!40101 SET COLLATION_CONNECTION=@OLD_COLLATION_CONNECTION */;
